﻿<?xml version="1.0" encoding="utf-8" ?>
<c2eventsheet>
    <!--All the 'name' attributes are ignored by Construct 2 - they are there for readability only.-->
    <name>Event sheet 1</name>
    <events>
        <event-group description="fungsi untuk mengkontrol pemain" sid="131047487848554" title="Fungsi Kontrol">
            <sub-events>
                <event-block sid="528320697701578">
                    <conditions>
                        <condition id="2" name="Key is down" sid="921000110206846" type="Keyboard">
                            <param id="0" name="Key">37</param>
                        </condition>
                    </conditions>
                    <actions>
                        <action id="7" name="Set mirrored" sid="509909241575650" type="Player">
                            <param id="0" name="State">0</param>
                        </action>
                    </actions>
                </event-block>
                <event-block sid="121124137237548">
                    <conditions>
                        <condition id="2" name="Key is down" sid="377401331791094" type="Keyboard">
                            <param id="0" name="Key">39</param>
                        </condition>
                    </conditions>
                    <actions>
                        <action id="7" name="Set mirrored" sid="614325838126204" type="Player">
                            <param id="0" name="State">1</param>
                        </action>
                    </actions>
                </event-block>
            </sub-events>
        </event-group>
        <event-group description="" sid="753361052981824" title="Fungsi Animasi">
            <sub-events>
                <event-block sid="435999915622386">
                    <conditions>
                        <condition behavior="Platform" id="0" name="Is moving" sid="647157060380997" type="Player" />
                    </conditions>
                    <actions>
                        <action id="4" name="Set animation" sid="182574431716466" type="Player">
                            <param id="0" name="Animation">&quot;walk&quot;</param>
                            <param id="1" name="From">1</param>
                        </action>
                    </actions>
                </event-block>
                <event-block sid="135431108047394">
                    <conditions>
                        <condition id="-22" name="Else" sid="357215068342048" type="System" />
                        <condition behavior="Platform" id="3" inverted="1" name="Is jumping" sid="285009615689776" type="Player" />
                    </conditions>
                    <actions>
                        <action id="4" name="Set animation" sid="586160676770586" type="Player">
                            <param id="0" name="Animation">&quot;idle&quot;</param>
                            <param id="1" name="From">1</param>
                        </action>
                    </actions>
                </event-block>
                <event-block sid="409695540327884">
                    <conditions>
                        <condition behavior="Platform" id="3" name="Is jumping" sid="904038250354473" type="Player" />
                    </conditions>
                    <actions>
                        <action id="4" name="Set animation" sid="623789281014219" type="Player">
                            <param id="0" name="Animation">&quot;jump&quot;</param>
                            <param id="1" name="From">1</param>
                        </action>
                    </actions>
                </event-block>
                <event-block sid="104184684573099">
                    <conditions>
                        <condition behavior="Platform" id="4" name="Is falling" sid="508279647792644" type="Player" />
                    </conditions>
                    <actions>
                        <action id="4" name="Set animation" sid="324897638951092" type="Player">
                            <param id="0" name="Animation">&quot;jump&quot;</param>
                            <param id="1" name="From">1</param>
                        </action>
                    </actions>
                </event-block>
                <event-block sid="870753791974076">
                    <conditions>
                        <condition behavior="Platform" id="9" name="On landed" sid="409933835381998" type="Player" />
                    </conditions>
                    <actions>
                        <action id="4" name="Set animation" sid="483354086900360" type="Player">
                            <param id="0" name="Animation">&quot;idle&quot;</param>
                            <param id="1" name="From">1</param>
                        </action>
                    </actions>
                </event-block>
            </sub-events>
        </event-group>
    </events>
</c2eventsheet>
